name_en,name_ko,league,league_en
AZ,AZ 알크마르,other,Other (UCL opponents)
Ajaccio,아작시오,ligue-1,Ligue 1 / Ligue 2
Ajax,아약스,other,Other (UCL opponents)
Ajax Amsterdam,아약스,other,Other (UCL opponents)
Alaves,알라베스,la-liga,La Liga / Segunda
Albacete,알바세테,la-liga,La Liga / Segunda
Almeria,알메리아,la-liga,La Liga / Segunda
Amiens,아미앵,ligue-1,Ligue 1 / Ligue 2
Anderlecht,안더레흐트,other,Other (UCL opponents)
Andorra,안도라,la-liga,La Liga / Segunda
Angers,앙제,ligue-1,Ligue 1 / Ligue 2
Annecy,안시,ligue-1,Ligue 1 / Ligue 2
Arsenal,아스날,premier-league,Premier League / Championship
Aston Villa,아스톤 빌라,premier-league,Premier League / Championship
Atalanta,아탈란타,serie-a,Serie A / Serie B
Athletic Club,아틀레틱 빌바오,la-liga,La Liga / Segunda
Atleti,아틀레티코 마드리드,la-liga,La Liga / Segunda
Atletico Madrid,아틀레티코 마드리드,la-liga,La Liga / Segunda
Atletico de Madrid,아틀레티코 마드리드,other,Other (UCL opponents)
Augsburg,아우크스부르크,bundesliga,Bundesliga / 2. Bundesliga
Auxerre,오세르,ligue-1,Ligue 1 / Ligue 2
Barcelona,FC 바르셀로나,la-liga,La Liga / Segunda
Bari,바리,serie-a,Serie A / Serie B
Bastia,바스티아,ligue-1,Ligue 1 / Ligue 2
Bayer 04 Leverkusen,레버쿠젠,bundesliga,Bundesliga / 2. Bundesliga
Bayern Munchen,바이에른 뮌헨,bundesliga,Bundesliga / 2. Bundesliga
Benfica,벤피카,other,Other (UCL opponents)
Besiktas,베식타시,other,Other (UCL opponents)
Birmingham City,버밍엄,premier-league,Premier League / Championship
Blackburn Rovers,블랙번,premier-league,Premier League / Championship
Bochum,보훔,bundesliga,Bundesliga / 2. Bundesliga
Bodo Glimt,보되/글림트,other,Other (UCL opponents)
Bologna,볼로냐,serie-a,Serie A / Serie B
Borussia Dortmund,도르트문트,bundesliga,Bundesliga / 2. Bundesliga
Borussia Monchengladbach,묀헨글라트바흐,bundesliga,Bundesliga / 2. Bundesliga
Bournemouth,본머스,premier-league,Premier League / Championship
Braga,브라가,other,Other (UCL opponents)
Braunschweig,브라운슈바이크,bundesliga,Bundesliga / 2. Bundesliga
Brentford,브렌트포드,premier-league,Premier League / Championship
Brescia,브레시아,serie-a,Serie A / Serie B
Brest,브레스트,ligue-1,Ligue 1 / Ligue 2
Brestois,브레스트,ligue-1,Ligue 1 / Ligue 2
Brighton Hove Albion,브라이턴,premier-league,Premier League / Championship
Bristol City,브리스톨 시티,premier-league,Premier League / Championship
Burgos,부르고스,la-liga,La Liga / Segunda
Burnley,번리,premier-league,Premier League / Championship
Cadiz,카디스,la-liga,La Liga / Segunda
Caen,캉,ligue-1,Ligue 1 / Ligue 2
Cagliari,칼리아리,serie-a,Serie A / Serie B
Cardiff City,카디프,premier-league,Premier League / Championship
Castellon,카스테욘,la-liga,La Liga / Segunda
Catanzaro,카탄차로,serie-a,Serie A / Serie B
Celta,셀타 비고,la-liga,La Liga / Segunda
Celta Vigo,셀타 비고,la-liga,La Liga / Segunda
Celtic,셀틱,other,Other (UCL opponents)
Cesena,체세나,serie-a,Serie A / Serie B
Ceuta,세우타,la-liga,La Liga / Segunda
Charlton Athletic,찰턴,premier-league,Premier League / Championship
Chelsea,첼시,premier-league,Premier League / Championship
Clermont,클레르몽,ligue-1,Ligue 1 / Ligue 2
Club Brugge,클럽 브뤼헤,other,Other (UCL opponents)
Club Brugge KV,클럽 브뤼헤,other,Other (UCL opponents)
Como,코모,serie-a,Serie A / Serie B
Copenhagen,코펜하겐,other,Other (UCL opponents)
Cordoba,코르도바,la-liga,La Liga / Segunda
Cosenza,코센차,serie-a,Serie A / Serie B
Coventry City,코번트리,premier-league,Premier League / Championship
Cremonese,크레모네세,serie-a,Serie A / Serie B
Crvena Zvezda,츠르베나 즈베즈다,other,Other (UCL opponents)
Crystal Palace,크리스탈 팰리스,premier-league,Premier League / Championship
Darmstadt,다름슈타트,bundesliga,Bundesliga / 2. Bundesliga
Deportivo Alaves,알라베스,la-liga,La Liga / Segunda
Deportivo Coruna,데포르티보,la-liga,La Liga / Segunda
Deportivo La Coruna,데포르티보,la-liga,La Liga / Segunda
Derby County,더비 카운티,premier-league,Premier League / Championship
Dinamo Zagreb,디나모 자그레브,other,Other (UCL opponents)
Dunkerque,됭케르크,ligue-1,Ligue 1 / Ligue 2
Dusseldorf,뒤셀도르프,bundesliga,Bundesliga / 2. Bundesliga
Eibar,에이바르,la-liga,La Liga / Segunda
Eintracht Frankfurt,프랑크푸르트,bundesliga,Bundesliga / 2. Bundesliga
Elche,엘체,la-liga,La Liga / Segunda
Elversberg,엘버스베르크,bundesliga,Bundesliga / 2. Bundesliga
Empoli,엠폴리,serie-a,Serie A / Serie B
Espanyol,에스파뇰,la-liga,La Liga / Segunda
Espanyol Barcelona,에스파뇰,la-liga,La Liga / Segunda
Everton,에버턴,premier-league,Premier League / Championship
Fenerbahce,페네르바체,other,Other (UCL opponents)
Ferencvaros,페렌츠바로시,other,Other (UCL opponents)
Feyenoord Rotterdam,페예노르트,other,Other (UCL opponents)
Fiorentina,피오렌티나,serie-a,Serie A / Serie B
Fortuna Dusseldorf,뒤셀도르프,bundesliga,Bundesliga / 2. Bundesliga
Freiburg,프라이부르크,bundesliga,Bundesliga / 2. Bundesliga
Frosinone,프로시노네,serie-a,Serie A / Serie B
Fulham,풀럼,premier-league,Premier League / Championship
Galatasaray,갈라타사라이,other,Other (UCL opponents)
Genk,헹크,other,Other (UCL opponents)
Genoa,제노아,serie-a,Serie A / Serie B
Getafe,헤타페,la-liga,La Liga / Segunda
Girona,지로나,la-liga,La Liga / Segunda
Granada,그라나다,la-liga,La Liga / Segunda
Grenoble,그르노블,ligue-1,Ligue 1 / Ligue 2
Greuther Furth,퓌르트,bundesliga,Bundesliga / 2. Bundesliga
Guingamp,갱강,ligue-1,Ligue 1 / Ligue 2
Hamburger,함부르크,bundesliga,Bundesliga / 2. Bundesliga
Hannover,하노버,bundesliga,Bundesliga / 2. Bundesliga
Heidenheim,하이덴하임,bundesliga,Bundesliga / 2. Bundesliga
Hellas Verona,베로나,serie-a,Serie A / Serie B
Hoffenheim,호펜하임,bundesliga,Bundesliga / 2. Bundesliga
Holstein Kiel,홀슈타인 킬,bundesliga,Bundesliga / 2. Bundesliga
Huesca,우에스카,la-liga,La Liga / Segunda
Hull City,헐 시티,premier-league,Premier League / Championship
Inter,인터 밀란,serie-a,Serie A / Serie B
Internazionale Milano,인터 밀란,serie-a,Serie A / Serie B
Ipswich Town,입스위치,premier-league,Premier League / Championship
Juventus,유벤투스,serie-a,Serie A / Serie B
Kairat Almaty,카이라트,other,Other (UCL opponents)
Kaiserslautern,카이저슬라우테른,bundesliga,Bundesliga / 2. Bundesliga
Karlsruher,카를스루에,bundesliga,Bundesliga / 2. Bundesliga
Kobenhavn,코펜하겐,other,Other (UCL opponents)
Koln,쾰른,bundesliga,Bundesliga / 2. Bundesliga
Las Palmas,라스팔마스,la-liga,La Liga / Segunda
Laval,라발,ligue-1,Ligue 1 / Ligue 2
Lazio,라치오,serie-a,Serie A / Serie B
Le Havre,르아브르,ligue-1,Ligue 1 / Ligue 2
Le Mans,르망,ligue-1,Ligue 1 / Ligue 2
Lecce,레체,serie-a,Serie A / Serie B
Leeds United,리즈 유나이티드,premier-league,Premier League / Championship
Leganes,레가네스,la-liga,La Liga / Segunda
Leicester City,레스터 시티,premier-league,Premier League / Championship
Leipzig,RB 라이프치히,bundesliga,Bundesliga / 2. Bundesliga
Lens,랑스,ligue-1,Ligue 1 / Ligue 2
Levante,레반테,la-liga,La Liga / Segunda
Leverkusen,레버쿠젠,bundesliga,Bundesliga / 2. Bundesliga
Lille,릴,ligue-1,Ligue 1 / Ligue 2
Liverpool,리버풀,premier-league,Premier League / Championship
Lorient,로리앙,ligue-1,Ligue 1 / Ligue 2
Luton Town,루턴,premier-league,Premier League / Championship
Lyonnais,리옹,ligue-1,Ligue 1 / Ligue 2
Magdeburg,마그데부르크,bundesliga,Bundesliga / 2. Bundesliga
Mainz 05,마인츠,bundesliga,Bundesliga / 2. Bundesliga
Malaga,말라가,la-liga,La Liga / Segunda
Mallorca,마요르카,la-liga,La Liga / Segunda
Malmo,말뫼,other,Other (UCL opponents)
Manchester City,맨체스터 시티,premier-league,Premier League / Championship
Manchester United,맨체스터 유나이티드,premier-league,Premier League / Championship
Marseille,마르세유,ligue-1,Ligue 1 / Ligue 2
Metz,메스,ligue-1,Ligue 1 / Ligue 2
Middlesbrough,미들즈브러,premier-league,Premier League / Championship
Milan,AC 밀란,serie-a,Serie A / Serie B
Millwall,밀월,premier-league,Premier League / Championship
Mirandes,미란데스,la-liga,La Liga / Segunda
Modena,모데나,serie-a,Serie A / Serie B
Monaco,AS 모나코,ligue-1,Ligue 1 / Ligue 2
Montpellier,몽펠리에,ligue-1,Ligue 1 / Ligue 2
Monza,몬차,serie-a,Serie A / Serie B
Munster,뮌스터,bundesliga,Bundesliga / 2. Bundesliga
Nantes,낭트,ligue-1,Ligue 1 / Ligue 2
Napoli,나폴리,serie-a,Serie A / Serie B
Newcastle United,뉴캐슬,premier-league,Premier League / Championship
Nice,니스,ligue-1,Ligue 1 / Ligue 2
Norwich City,노리치,premier-league,Premier League / Championship
Nottingham Forest,노팅엄 포레스트,premier-league,Premier League / Championship
Nurnberg,뉘른베르크,bundesliga,Bundesliga / 2. Bundesliga
Olympiacos,올림피아코스,other,Other (UCL opponents)
Olympiacos Piraeus,올림피아코스,other,Other (UCL opponents)
Olympique Lyonnais,리옹,ligue-1,Ligue 1 / Ligue 2
Olympique Marseille,마르세유,ligue-1,Ligue 1 / Ligue 2
Osasuna,오사수나,la-liga,La Liga / Segunda
Oxford United,옥스퍼드,premier-league,Premier League / Championship
PAOK,PAOK,other,Other (UCL opponents)
PSV,PSV 에인트호번,other,Other (UCL opponents)
Paderborn,파더보른,bundesliga,Bundesliga / 2. Bundesliga
Pafos,파포스,other,Other (UCL opponents)
Palermo,팔레르모,serie-a,Serie A / Serie B
Panathinaikos,파나시나이코스,other,Other (UCL opponents)
Paris,파리 FC,ligue-1,Ligue 1 / Ligue 2
Paris Saint Germain,PSG,ligue-1,Ligue 1 / Ligue 2
Parma,파르마,serie-a,Serie A / Serie B
Pau,포,ligue-1,Ligue 1 / Ligue 2
Pisa,피사,serie-a,Serie A / Serie B
Plymouth Argyle,플리머스,premier-league,Premier League / Championship
Porto,FC 포르투,other,Other (UCL opponents)
Portsmouth,포츠머스,premier-league,Premier League / Championship
Preston North End,프레스턴,premier-league,Premier League / Championship
Qarabag,카라바흐,other,Other (UCL opponents)
Qarabag Agdam,카라바흐,other,Other (UCL opponents)
Queens Park Rangers,QPR,premier-league,Premier League / Championship
RB Leipzig,RB 라이프치히,bundesliga,Bundesliga / 2. Bundesliga
Racing Club Santander,라싱 산탄데르,la-liga,La Liga / Segunda
Racing Santander,라싱 산탄데르,la-liga,La Liga / Segunda
Rangers,레인저스,other,Other (UCL opponents)
Rayo Vallecano,라요 바예카노,la-liga,La Liga / Segunda
Rayo Vallecano Madrid,라요 바예카노,la-liga,La Liga / Segunda
Real Betis,레알 베티스,la-liga,La Liga / Segunda
Real Madrid,레알 마드리드,la-liga,La Liga / Segunda
Real Oviedo,레알 오비에도,la-liga,La Liga / Segunda
Real Sociedad,레알 소시에다드,la-liga,La Liga / Segunda
Real Valladolid,바야돌리드,la-liga,La Liga / Segunda
Real Zaragoza,사라고사,la-liga,La Liga / Segunda
Red Bull Salzburg,잘츠부르크,other,Other (UCL opponents)
Red Star,레드스타,ligue-1,Ligue 1 / Ligue 2
Regensburg,레겐스부르크,bundesliga,Bundesliga / 2. Bundesliga
Reggiana,레자나,serie-a,Serie A / Serie B
Reims,랭스,ligue-1,Ligue 1 / Ligue 2
Rennais,렌,ligue-1,Ligue 1 / Ligue 2
Rodez,로데즈,ligue-1,Ligue 1 / Ligue 2
Roma,AS 로마,serie-a,Serie A / Serie B
Saint Etienne,생테티엔,ligue-1,Ligue 1 / Ligue 2
Salernitana,살레르니타나,serie-a,Serie A / Serie B
Salzburg,잘츠부르크,other,Other (UCL opponents)
Sampdoria,삼프도리아,serie-a,Serie A / Serie B
Santander,라싱 산탄데르,la-liga,La Liga / Segunda
Sassuolo,사수올로,serie-a,Serie A / Serie B
Schalke,샬케,bundesliga,Bundesliga / 2. Bundesliga
Schalke 04,샬케,bundesliga,Bundesliga / 2. Bundesliga
Sevilla,세비야,la-liga,La Liga / Segunda
Shakhtar Donetsk,샤흐타르 도네츠크,other,Other (UCL opponents)
Sheffield United,셰필드 유나이티드,premier-league,Premier League / Championship
Sheffield Wednesday,셰필드 웬즈데이,premier-league,Premier League / Championship
Slavia Praha,슬라비아 프라하,other,Other (UCL opponents)
Slovan Bratislava,슬로반 브라티슬라바,other,Other (UCL opponents)
Southampton,사우샘프턴,premier-league,Premier League / Championship
Sparta Praha,스파르타 프라하,other,Other (UCL opponents)
Spezia,스페치아,serie-a,Serie A / Serie B
Sporting CP,스포르팅,other,Other (UCL opponents)
Sporting Clube de Portugal,스포르팅,other,Other (UCL opponents)
Sporting Gijon,히혼,la-liga,La Liga / Segunda
St Pauli,장크트 파울리,bundesliga,Bundesliga / 2. Bundesliga
Stade Brestois,브레스트,ligue-1,Ligue 1 / Ligue 2
Stade Rennais,렌,ligue-1,Ligue 1 / Ligue 2
Stade de Reims,랭스,ligue-1,Ligue 1 / Ligue 2
Stoke City,스토크,premier-league,Premier League / Championship
Strasbourg,스트라스부르,ligue-1,Ligue 1 / Ligue 2
Strasbourg Alsace,스트라스부르,ligue-1,Ligue 1 / Ligue 2
Sturm Graz,슈투름 그라츠,other,Other (UCL opponents)
Stuttgart,슈투트가르트,bundesliga,Bundesliga / 2. Bundesliga
Sunderland,선덜랜드,premier-league,Premier League / Championship
Swansea City,스완지,premier-league,Premier League / Championship
Tenerife,테네리페,la-liga,La Liga / Segunda
Torino,토리노,serie-a,Serie A / Serie B
Tottenham Hotspur,토트넘,premier-league,Premier League / Championship
Toulouse,툴루즈,ligue-1,Ligue 1 / Ligue 2
Troyes,트루아,ligue-1,Ligue 1 / Ligue 2
Twente,트벤테,other,Other (UCL opponents)
Udinese,우디네세,serie-a,Serie A / Serie B
Ulm,울름,bundesliga,Bundesliga / 2. Bundesliga
Union Berlin,우니온 베를린,bundesliga,Bundesliga / 2. Bundesliga
Union Saint Gilloise,위니옹 생질루아즈,other,Other (UCL opponents)
Utrecht,위트레흐트,other,Other (UCL opponents)
Valencia,발렌시아,la-liga,La Liga / Segunda
Valladolid,바야돌리드,la-liga,La Liga / Segunda
Venezia,베네치아,serie-a,Serie A / Serie B
Villarreal,비야레알,la-liga,La Liga / Segunda
Vitoria Guimaraes,비토리아 기마랑이스,other,Other (UCL opponents)
Watford,왓포드,premier-league,Premier League / Championship
Werder Bremen,베르더 브레멘,bundesliga,Bundesliga / 2. Bundesliga
West Bromwich Albion,웨스트브롬,premier-league,Premier League / Championship
West Ham United,웨스트햄,premier-league,Premier League / Championship
Wolfsburg,볼프스부르크,bundesliga,Bundesliga / 2. Bundesliga
Wolverhampton Wanderers,울버햄튼,premier-league,Premier League / Championship
Wrexham,렉섬,premier-league,Premier League / Championship
Young Boys,영 보이스,other,Other (UCL opponents)
Zaragoza,사라고사,la-liga,La Liga / Segunda
Zenit,제니트,other,Other (UCL opponents)
